<?xml version="1.0" encoding="UTF-8"?>
<con:config xmlns:con="http://www.sourceid.org/2004/05/config">
    <con:map name="enabled-cipher-suites">
        <!--The following cipher suites are disabled because they require installation of the JCE Unlimited Strength Jurisdiction Policy Files.-->
        <!--<con:item name="TLS_ECDHE_ECDSA_WITH_AES_256_CBC_SHA384"/> not available by default-->
        <!--<con:item name="TLS_ECDHE_RSA_WITH_AES_256_CBC_SHA384"/> not available by default-->
        <!--<con:item name="TLS_RSA_WITH_AES_256_CBC_SHA256"/> not available by default-->
        <!--<con:item name="TLS_ECDH_ECDSA_WITH_AES_256_CBC_SHA384"/> not available by default-->
        <!--<con:item name="TLS_ECDH_RSA_WITH_AES_256_CBC_SHA384"/> not available by default-->
        <!--<con:item name="TLS_DHE_RSA_WITH_AES_256_CBC_SHA256"/> not available by default-->
        <!--<con:item name="TLS_DHE_DSS_WITH_AES_256_CBC_SHA256"/> not available by default-->
        <!--<con:item name="TLS_ECDHE_ECDSA_WITH_AES_256_CBC_SHA"/> not available by default-->
        <!--<con:item name="TLS_ECDHE_RSA_WITH_AES_256_CBC_SHA"/> not available by default-->
        <!--<con:item name="TLS_RSA_WITH_AES_256_CBC_SHA"/> not available by default-->
        <!--<con:item name="TLS_ECDH_ECDSA_WITH_AES_256_CBC_SHA"/> not available by default-->
        <!--<con:item name="TLS_ECDH_RSA_WITH_AES_256_CBC_SHA"/> not available by default-->
        <!--<con:item name="TLS_DHE_RSA_WITH_AES_256_CBC_SHA"/> not available by default-->
        <!--<con:item name="TLS_DHE_DSS_WITH_AES_256_CBC_SHA"/> not available by default-->
        <!--The following cipher suites are disabled because they are not recommended.-->
        <!--<con:item name="TLS_DH_anon_WITH_AES_256_CBC_SHA256"/> anonymous cipher-->
        <!--<con:item name="TLS_ECDH_anon_WITH_AES_256_CBC_SHA"/> anonymous cipher-->
        <!--<con:item name="TLS_DH_anon_WITH_AES_128_CBC_SHA256"/> anonymous cipher-->
        <!--<con:item name="TLS_ECDH_anon_WITH_AES_128_CBC_SHA"/> anonymous cipher-->
        <!--<con:item name="TLS_DH_anon_WITH_AES_128_CBC_SHA"/> anonymous cipher-->
        <!--<con:item name="TLS_ECDH_anon_WITH_RC4_128_SHA"/> anonymous cipher-->
        <!--<con:item name="SSL_DH_anon_WITH_RC4_128_MD5"/> anonymous cipher-->
        <!--<con:item name="TLS_ECDH_anon_WITH_3DES_EDE_CBC_SHA"/> anonymous cipher-->
        <!--<con:item name="SSL_DH_anon_WITH_3DES_EDE_CBC_SHA"/> anonymous cipher-->
        <!--<con:item name="TLS_RSA_WITH_NULL_SHA256"/> weak cipher-->
        <!--<con:item name="TLS_ECDHE_ECDSA_WITH_NULL_SHA"/> weak cipher-->
        <!--<con:item name="TLS_ECDHE_RSA_WITH_NULL_SHA"/> weak cipher-->
        <!--<con:item name="SSL_RSA_WITH_NULL_SHA"/> weak cipher-->
        <!--<con:item name="TLS_ECDH_ECDSA_WITH_NULL_SHA"/> weak cipher-->
        <!--<con:item name="TLS_ECDH_RSA_WITH_NULL_SHA"/> weak cipher-->
        <!--<con:item name="TLS_ECDH_anon_WITH_NULL_SHA"/> weak cipher-->
        <!--<con:item name="SSL_RSA_WITH_NULL_MD5"/> weak cipher-->
        <!--<con:item name="SSL_RSA_WITH_DES_CBC_SHA"/> weak cipher-->
        <!--<con:item name="SSL_DHE_RSA_WITH_DES_CBC_SHA"/> weak cipher-->
        <!--<con:item name="SSL_DHE_DSS_WITH_DES_CBC_SHA"/> weak cipher-->
        <!--<con:item name="SSL_RSA_EXPORT_WITH_RC4_40_MD5"/> weak cipher-->
        <!--<con:item name="SSL_RSA_EXPORT_WITH_DES40_CBC_SHA"/> weak cipher-->
        <!--<con:item name="SSL_DHE_RSA_EXPORT_WITH_DES40_CBC_SHA"/> weak cipher-->
        <!--<con:item name="SSL_DHE_DSS_EXPORT_WITH_DES40_CBC_SHA"/> weak cipher-->
        <!--<con:item name="SSL_RSA_WITH_NULL_MD5"/> weak cipher-->
        <!--<con:item name="SSL_RSA_WITH_NULL_SHA"/> weak cipher-->
        <!--<con:item name="SSL_DH_anon_WITH_RC4_128_MD5"/> anonymous cipher-->
        <!--<con:item name="TLS_DH_anon_WITH_AES_128_CBC_SHA"/> anonymous cipher-->
        <!--<con:item name="TLS_DH_anon_WITH_AES_256_CBC_SHA"/> no provider-->
        <!--<con:item name="SSL_DH_anon_WITH_3DES_EDE_CBC_SHA"/> anonymous cipher-->
        <!--<con:item name="SSL_DH_anon_WITH_DES_CBC_SHA"/> weak cipher-->
        <!--<con:item name="SSL_DH_anon_EXPORT_WITH_RC4_40_MD5"/> weak cipher-->
        <!--<con:item name="SSL_DH_anon_EXPORT_WITH_DES40_CBC_SHA"/> weak cipher-->
        <!--<con:item name="TLS_KRB5_WITH_RC4_128_SHA"/>  Kerberos Cipher Suite-->
        <!--<con:item name="TLS_KRB5_WITH_RC4_128_MD5"/>  Kerberos Cipher Suite-->
        <!--<con:item name="TLS_KRB5_WITH_3DES_EDE_CBC_SHA"/>  Kerberos Cipher Suite-->
        <!--<con:item name="TLS_KRB5_WITH_3DES_EDE_CBC_MD5"/>  Kerberos Cipher Suite-->
        <!--<con:item name="TLS_KRB5_WITH_DES_CBC_SHA"/> weak cipher-->
        <!--<con:item name="TLS_KRB5_WITH_DES_CBC_MD5"/> weak cipher-->
        <!--<con:item name="TLS_KRB5_EXPORT_WITH_RC4_40_SHA"/> weak cipher-->
        <!--<con:item name="TLS_KRB5_EXPORT_WITH_RC4_40_MD5"/> weak cipher-->
        <!--<con:item name="TLS_KRB5_EXPORT_WITH_DES_CBC_40_SHA"/> weak cipher-->
        <!--<con:item name="TLS_KRB5_EXPORT_WITH_DES_CBC_40_MD5"/> weak cipher-->
        <!--<con:item name="TLS_ECDHE_ECDSA_WITH_RC4_128_SHA"/> RC4 insecure-->
        <!--<con:item name="TLS_ECDHE_RSA_WITH_RC4_128_SHA"/> RC4 insecure-->
        <!--<con:item name="SSL_RSA_WITH_RC4_128_SHA"/>  RC4 insecure-->
        <!--<con:item name="TLS_ECDH_ECDSA_WITH_RC4_128_SHA"/> RC4 insecure-->
        <!--<con:item name="TLS_ECDH_RSA_WITH_RC4_128_SHA"/> RC4 insecure-->
        <!--<con:item name="SSL_RSA_WITH_RC4_128_MD5"/> RC4 insecure-->
        <!--<con:item name="TLS_ECDHE_ECDSA_WITH_3DES_EDE_CBC_SHA"/> 3DES 108 bits too short-->
        <!--<con:item name="TLS_ECDHE_RSA_WITH_3DES_EDE_CBC_SHA"/> 3DES 108 bits too short-->
        <!--<con:item name="SSL_RSA_WITH_3DES_EDE_CBC_SHA"/> 3DES 108 bits too short-->
        <!--<con:item name="TLS_ECDH_ECDSA_WITH_3DES_EDE_CBC_SHA"/> 3DES 108 bits too short-->
        <!--<con:item name="TLS_ECDH_RSA_WITH_3DES_EDE_CBC_SHA"/> 3DES 108 bits too short-->
        <!--<con:item name="SSL_DHE_RSA_WITH_3DES_EDE_CBC_SHA"/> 3DES 108 bits too short-->
        <!--<con:item name="SSL_DHE_DSS_WITH_3DES_EDE_CBC_SHA"/> 3DES 108 bits too short-->
        <!--<con:item name="TLS_DHE_RSA_WITH_AES_128_CBC_SHA256"/> DH 768 bits too short-->
        <!--<con:item name="TLS_DHE_RSA_WITH_AES_128_CBC_SHA"/> DH 768 bits too short-->
        <!--<con:item name="TLS_DHE_DSS_WITH_AES_128_CBC_SHA256"/> DH 768 bits too short-->
        <!--<con:item name="TLS_DHE_DSS_WITH_AES_128_CBC_SHA"/> DH 768 bits too short-->
        <!--<con:item name="TLS_RSA_WITH_AES_128_CBC_SHA"/> weak cipher-->
        <!--<con:item name="TLS_ECDHE_RSA_WITH_AES_128_CBC_SHA"/> weak cipher-->
        <!--The following cipher suites are enabled.-->
        <con:item name="TLS_AES_128_GCM_SHA256"/>
        <con:item name="TLS_AES_256_GCM_SHA384"/>
        <con:item name="TLS_CHACHA20_POLY1305_SHA256"/>
        <con:item name="TLS_ECDHE_ECDSA_WITH_AES_128_GCM_SHA256"/>
        <con:item name="TLS_ECDHE_ECDSA_WITH_AES_128_CBC_SHA256"/>
        <con:item name="TLS_ECDHE_ECDSA_WITH_AES_128_CBC_SHA"/>
        <con:item name="TLS_ECDHE_RSA_WITH_AES_128_GCM_SHA256"/>
        <con:item name="TLS_ECDHE_RSA_WITH_AES_128_CBC_SHA256"/>
        <con:item name="TLS_RSA_WITH_AES_128_GCM_SHA256"/>
        <con:item name="TLS_RSA_WITH_AES_128_CBC_SHA256"/>
        <con:item name="TLS_ECDH_RSA_WITH_AES_128_GCM_SHA256"/>
        <con:item name="TLS_ECDH_RSA_WITH_AES_128_CBC_SHA256"/>
        <con:item name="TLS_ECDH_RSA_WITH_AES_128_CBC_SHA"/>
        <con:item name="TLS_ECDH_ECDSA_WITH_AES_128_GCM_SHA256"/>
        <con:item name="TLS_ECDH_ECDSA_WITH_AES_128_CBC_SHA256"/>
        <con:item name="TLS_ECDH_ECDSA_WITH_AES_128_CBC_SHA"/>
        <con:item name="TLS_EMPTY_RENEGOTIATION_INFO_SCSV"/>
    </con:map>
</con:config>