<?xml version="1.0" encoding="UTF-8"?>
<ldap:ldap-sources xmlns:ldap="http://pingidentity.com/2004/09/ldap-ds">
    <ldap:ldap-source id="LDAP-8C05E186F74E29DF98A734F689AA5B6FB14896A1" maskAttributeValues="false" ldapType="PingDirectory" ldapTypeDesc="PingDirectory" testOnBorrow="false" testOnReturn="false" createIfNecessary="true" minIdle="10" maxActive="100" maxWait="-1" timeBetweenEvictionRunsMillis="60000" readTimeoutMillis="5500" connTimeoutMillis="3000" verifyHost="true" dnsTtlMillis="60000" ldapDnsSrvPrefix="_ldap._tcp" ldapsDnsSrvPrefix="_ldaps._tcp">
        <ldap:host>u18-ssd1.sp.ping-eng.com:2389</ldap:host>
        <ldap:principal>cn=dmanager</ldap:principal>
        <ldap:use-ssl>false</ldap:use-ssl>
        <ldap:use-dns-srv-records>false</ldap:use-dns-srv-records>
        <ldap:ad-referral>false</ldap:ad-referral>
        <ldap:credentials>eyJhbGciOiJkaXIiLCJlbmMiOiJBMTI4Q0JDLUhTMjU2Iiwia2lkIjoiQkY1M2tHSEZ2NiIsInZlcnNpb24iOiIxMC4wLjIuMiJ9..D9CveIWWW53_PF9rJdE7YQ.-w1DrwM6w5P1t1PdR_zkDw.C3ijTZkJR3PKw5C1YSTg0w</ldap:credentials>
        <ldap:authenticationMeth>simple</ldap:authenticationMeth>
        <ldap:description>PingDirectoryServer</ldap:description>
        <ldap:name>PingDirectoryServer</ldap:name>
        <ldap:binaryAttributes/>
        <ldap:ldapHostTagList>
            <ldap:tagEntry host="u18-ssd1.sp.ping-eng.com:2389" tags=""/>
        </ldap:ldapHostTagList>
    </ldap:ldap-source>
</ldap:ldap-sources>